-- CREATE SCHEMA mundial ;
-- --
-- SET SEARCH_PATH TO mundial ;

-- Tworzenie tabel --
create table mecz (id_mecz int, id_stadion int, id_sedzia int, id_reprezentacja1 int, id_reprezentacja2 int, faza varchar(11), data_rozpoczecia timestamp) ;
create table wynik_meczu (id_mecz int, wynik_reprezentacja1 int default 0, wynik_reprezentacja2 int default 0) ;         -- do wypelniania
create table stadion (id_stadion int, miasto varchar(9), nazwa varchar(29), pojemnosc int) ;
create table zdarzenie_boiskowe (id_mecz int, id_pilkarz int, liczba_goli int default 0, id_reprezentacja int);    -- do wypelniania
create table pilkarz (id_pilkarz int, imie varchar(25), nazwisko varchar(35), id_reprezentacja int, numer int) ;
create table reprezentacja (id_reprezentacja int, nazwa varchar(16), grupa varchar(1), id_federacja int) ;
create table selekcjoner (id_reprezentacja int, imie varchar(25), nazwisko varchar(35)) ;
create table federacja (id_federacja int, nazwa varchar(8), kontynent varchar(18)) ;
create table sedzia (id_sedzia int, imie varchar(25), nazwisko varchar(35), id_federacja int) ;
create table admin (id int, username varchar(5), password varchar(11));

--
-- modyfikacja tabel - dodanie klucza glownego --
alter table mecz add primary key (id_mecz) ;
alter table stadion add primary key (id_stadion) ;
alter table pilkarz add primary key (id_pilkarz) ;
alter table reprezentacja add primary key (id_reprezentacja) ;
alter table federacja add primary key (id_federacja) ;
alter table sedzia add primary key (id_sedzia) ;

--
-- modyfikacja tabel - dodanie refencji klucza obcego --
alter table mecz add foreign key (id_stadion) references stadion (id_stadion) ;
alter table mecz add foreign key (id_sedzia) references sedzia (id_sedzia) ;
alter table mecz add foreign key (id_reprezentacja1) references reprezentacja (id_reprezentacja) ;
alter table mecz add foreign key (id_reprezentacja2) references reprezentacja (id_reprezentacja) ;
alter table wynik_meczu add foreign key (id_mecz) references mecz (id_mecz) ;
alter table zdarzenie_boiskowe add foreign key (id_mecz) references mecz (id_mecz) ;
alter table zdarzenie_boiskowe add foreign key (id_pilkarz) references pilkarz (id_pilkarz) ;
alter table zdarzenie_boiskowe add foreign key (id_reprezentacja) references reprezentacja (id_reprezentacja) ;
alter table pilkarz add foreign key (id_reprezentacja) references reprezentacja (id_reprezentacja) ;
alter table reprezentacja add foreign key (id_federacja) references federacja (id_federacja) ;
alter table selekcjoner add foreign key (id_reprezentacja) references reprezentacja (id_reprezentacja) ;
alter table sedzia add foreign key (id_federacja) references federacja (id_federacja) ;

-- wstawienie danych - tabela federacja
insert into federacja ( id_federacja, nazwa, kontynent) values
( 1, 'UEFA', 'Europa'),
( 2, 'AFC', 'Azja'),
( 3, 'CAF', 'Afryka'),
( 4, 'CONCACAF', 'Ameryka Polnocna'),
( 5, 'CONMEBOL', 'Ameryka Poludniowa'),
( 6, 'OFC', 'Oceania');

-- wstawienie danych - tabela reprezentacja
insert into reprezentacja ( id_reprezentacja, nazwa, grupa, id_federacja) values
( 1, 'Anglia', 'B', 1),
( 2, 'Arabia Saudyjska', 'C', 2),
( 3, 'Argentyna', 'C', 5),
( 4, 'Australia', 'D', 2),
( 5, 'Belgia', 'F', 1),
( 6, 'Brazylia', 'G', 5),
( 7, 'Chorwacja', 'F', 1),
( 8, 'Dania', 'D', 1),
( 9, 'Ekwador', 'A', 5),
( 10, 'Francja', 'D', 1),
( 11, 'Ghana', 'H', 3),
( 12, 'Hiszpania', 'E', 1),
( 13, 'Holandia', 'A', 1),
( 14, 'Iran', 'B', 2),
( 15, 'Japonia', 'E', 2),
( 16, 'Kamerun', 'G', 3),
( 17, 'Kanada', 'F', 4),
( 18, 'Katar', 'A', 2),
( 19, 'Korea Poludniowa', 'H', 2),
( 20, 'Kostaryka', 'E', 4),
( 21, 'Maroko', 'F', 3),
( 22, 'Meksyk', 'C', 4),
( 23, 'Niemcy', 'E', 1),
( 24, 'Polska', 'C', 1),
( 25, 'Portugalia', 'H', 1),
( 26, 'Senegal', 'A', 3),
( 27, 'Serbia', 'G', 1),
( 28, 'USA', 'B', 3),
( 29, 'Szwajcaria', 'G', 1),
( 30, 'Tunezja', 'D', 3),
( 31, 'Urugwaj', 'H', 5),
( 32, 'Walia', 'B', 1);

-- wstawienie danych - tabela sedzia
insert into sedzia ( id_sedzia, imie, nazwisko, id_federacja) values
( 1, 'Abdulrahman', 'Al-Jassim', 2),
( 2, 'Chris', 'Beath', 2),
( 3, 'Alireza', 'Faghani', 2),
( 4, 'Ma', 'Ning', 2),
( 5, 'Mohammed', 'Mohamed', 2),
( 6, 'Yoshimi', 'Yamashita', 2),
( 7, 'Bakary', 'Gassama', 3),
( 8, 'Mustapha', 'Ghorbal', 3),
( 9, 'Victor', 'Gomes', 3),
( 10, 'Salima', 'Mukansanga', 3),
( 11, 'Maguette', 'Ndiaye', 3),
( 12, 'Janny', 'Sikazwe', 3),
( 13, 'Ivan', 'Barton', 4),
( 14, 'Ismail', 'Elfath', 4),
( 15, 'Mario', 'Escobar', 4),
( 16, 'Said', 'Martinez', 4),
( 17, 'Cesar', 'Ramos', 4),
( 18, 'Raphael', 'Claus', 5),
( 19, 'Andres', 'Matonte', 5),
( 20, 'Kevin', 'Ortega', 5),
( 21, 'Fernando', 'Rapallini', 5),
( 22, 'Wilton', 'Sampaio', 5),
( 23, 'Facundo', 'Tello', 5),
( 24, 'Jesus', 'Valenzuela', 5),
( 25, 'Matthew', 'Conger', 6),
( 26, 'Stephanie', 'Frappart', 1),
( 27, 'Istvan', 'Kovacs', 1),
( 28, 'Danny', 'Makkelie', 1),
( 29, 'Szymon', 'Marciniak', 1),
( 30, 'Mateu', 'Lahoz', 1),
( 31, 'Michael', 'Oliver', 1),
( 32, 'Daniele', 'Orsato', 1),
( 33, 'Daniel', 'Siebert', 1),
( 34, 'Anthony', 'Taylor', 1),
( 35, 'Clement', 'Turpin', 1),
( 36, 'Slavko', 'Vincic', 1);

-- wstawienie danych - tabela selekcjoner
insert into selekcjoner ( id_reprezentacja, imie, nazwisko) values
( 1, 'Gareth', 'Southgate'),
( 2, 'Herve', 'Renard'),
( 3, 'Lionel', 'Scaloni'),
( 4, 'Graham', 'Arnold'),
( 5, 'Roberto', 'Martinez'),
( 6, 'Adenor Leonardo', 'Bacchi'),  -- TITE
( 7, 'Zlatko', 'Dalic'),
( 8, 'Kasper', 'Hjulmand'),
( 9, 'Gustavo', 'Alfaro'),
( 10, 'Didier', 'Deschamps'),
( 11, 'Otto', 'Addo'),
( 12, 'Luis', 'Enrique'),
( 13, 'Louis', 'van Gaal'),
( 14, 'Carlos', 'Queiroz'),
( 15, 'Hajime', 'Moriyasu'),
( 16, 'Rigobert', 'Song'),
( 17, 'John', 'Herdman'),
( 18, 'Felix', 'Sanchez Bas'),
( 19, 'Paulo', 'Bento'),
( 20, 'Luis Fernando', 'Suarez'),
( 21, 'Walid', 'Regragui'),
( 22, 'Gerardo', 'Martino'),
( 23, 'Hansi', 'Flick'),
( 24, 'Czeslaw', 'Michniewicz'),
( 25, 'Fernando', 'Santos'),
( 26, 'Aliou', 'Cisse'),
( 27, 'Dragan', 'Stojkovic'),
( 28, 'Gregg', 'Berhalter'),
( 29, 'Murat', 'Yakin'),
( 30, 'Jalel', 'Kadri'),
( 31, 'Diego', 'Alonso'),
( 32, 'Robert', 'Page');

-- wstawienie danych - tabela pilkarz
-- Anglia
insert into pilkarz ( id_pilkarz, imie, nazwisko, id_reprezentacja, numer) values
( 101, 'Jordan', 'Pickford', 1, 1),
( 102, 'Kyle', 'Walker', 1, 2),
( 103, 'Luke', 'Shaw', 1, 3),
( 104, 'Declan', 'Rice', 1, 4),
( 105, 'John', 'Stones', 1, 5),
( 106, 'Harry', 'Maguire', 1, 6),
( 107, 'Jack', 'Grealish', 1, 7),
( 108, 'Jordan', 'Henderson', 1, 8),
( 109, 'Harry', 'Kane', 1, 9),
( 110, 'Raheem', 'Sterling', 1, 10),
( 111, 'Marcus', 'Rashford', 1, 11),
( 112, 'Kieran', 'Tripier', 1, 12),
( 113, 'Nick', 'Pope', 1, 13),
( 114, 'Kalvin', 'Phillips', 1, 14),
( 115, 'Eric', 'Dier', 1, 15),
( 116, 'Conor', 'Coady', 1, 16),
( 117, 'Bukayo', 'Saka', 1, 17),
( 118, 'Trent', 'Alexander-Arnold', 1, 18),
( 119, 'Mason', 'Mount', 1, 19),
( 120, 'Phil', 'Foden', 1, 20),
( 121, 'Ben', 'White', 1, 21),
( 122, 'Jude', 'Bellingham', 1, 22),
( 123, 'Aaron', 'Ramsdale', 1, 23),
( 124, 'Callum', 'Wilson', 1, 24),
( 125, 'James', 'Maddison', 1, 25),
( 126, 'Conor', 'Gallagher', 1, 26),

( 201, 'Mohammed', 'Al-Rubaie', 2, 1),
( 202, 'Sultan', 'Al-Ghannam', 2, 2),
( 203, 'Abdullah', 'Madu', 2, 3),
( 204, 'Abdulelah', 'Al-Amri', 2, 4),
( 205, 'Ali', 'Al-Bulaihi', 2, 5),
( 206, 'Mohammed', 'Al-Breik', 2, 6),
( 207, 'Salman', 'Al-Faraj', 2, 7),
( 208, 'Abdulellah', 'Al-Malki', 2, 8),
( 209, 'Firas', 'Al-Buraikan', 2, 9),
( 210, 'Salem', 'Al-Dawsari', 2, 10),
( 211, 'Saleh', 'Al-Shehri', 2, 11),
( 212, 'Saud', 'Abdulhamid', 2, 12),
( 213, 'Yasser', 'Al-Shahrani', 2, 13),
( 214, 'Abdullah', 'Otayf', 2, 14),
( 215, 'Ali', 'Al-Hassan', 2, 15),
( 216, 'Sami', 'Al-Najei', 2, 16),
( 217, 'Hassan', 'Al-Tambakti', 2, 17),
( 218, 'Nawaf', 'Al-Abed', 2, 18),
( 219, 'Hattan', 'Bahebri', 2, 19),
( 220, 'Abdulrahman', 'Al-Aboud', 2, 20),
( 221, 'Mohammed', 'Al-Owais', 2, 21),
( 222, 'Nawaf', 'Al-Aqidi', 2, 22),
( 223, 'Mohamed', 'Kanno', 2, 23),
( 224, 'Nasser', 'Al-Dawsari', 2, 24),
( 225, 'Haitham', 'Asiri', 2, 25),
( 226, 'Riyadh', 'Sharahili', 2, 26),

( 301, 'Franco', 'Armani', 3, 1),
( 302, 'Juan', 'Foyth', 3, 2),
( 303, 'Nicolas', 'Tagliafico', 3, 3),
( 304, 'Gonzalo', 'Montiel', 3, 4),
( 305, 'Leandro', 'Paredes', 3, 5),
( 306, 'German', 'Pezzella', 3, 6),
( 307, 'Rodrigo', 'De Paul', 3, 7),
( 308, 'Marcos', 'Acuna', 3, 8),
( 309, 'Julian', 'Alvarez', 3, 9),
( 310, 'Lionel', 'Messi', 3, 10),
( 311, 'Angel', 'Di Maria', 3, 11),
( 312, 'Geronimo', 'Rulli', 3, 12),
( 313, 'Cristian', 'Romero', 3, 13),
( 314, 'Exequiel', 'Palacios', 3, 14),
( 315, 'Angel', 'Correa', 3, 15),
( 316, 'Thiago', 'Almada', 3, 16),
( 317, 'Papu', 'Gomez', 3, 17),
( 318, 'Guido', 'Rodriguez', 3, 18),
( 319, 'Nicolas', 'Otamendi', 3, 19),
( 320, 'Alexis', 'Mac Allister', 3, 20),
( 321, 'Paulo', 'Dybala', 3, 21),
( 322, 'Lautaro', 'Martinez', 3, 22),
( 323, 'Emiliano', 'Martinez', 3, 23),
( 324, 'Enzo', 'Fernandez', 3, 24),
( 325, 'Lisandro', 'Martinez', 3, 25),
( 326, 'Nahuel', 'Molina', 3, 26),

( 401, 'Matthew', 'Ryan', 4, 1),
( 402, 'Milos', 'Degenek', 4, 2),
( 403, 'Nathaniel', 'Atkinson', 4, 3),
( 404, 'Kye', 'Rowles', 4, 4),
( 405, 'Fran', 'Karacic', 4, 5),
( 406, 'Marco', 'Tilio', 4, 6),
( 407, 'Mathew', 'Leckie', 4, 7),
( 408, 'Bailey', 'Wright', 4, 8),
( 409, 'Jamie', 'Maclaren', 4, 9),
( 410, 'Ajdin', 'Hrustic', 4, 10),
( 411, 'Awer', 'Mabil', 4, 11),
( 412, 'Andrew', 'Redmayne', 4, 12),
( 413, 'Aaron', 'Mooy', 4, 13),
( 414, 'Riley', 'McGree', 4, 14),
( 415, 'Mitchell', 'Duke', 4, 15),
( 416, 'Aziz', 'Behich', 4, 16),
( 417, 'Cameron', 'Devlin', 4, 17),
( 418, 'Danny', 'Vukovic', 4, 18),
( 419, 'Harry', 'Souttar', 4, 19),
( 420, 'Thomas', 'Deng', 4, 20),
( 421, 'Garang', 'Kuol', 4, 21),
( 422, 'Jackson', 'Irvine', 4, 22),
( 423, 'Craig', 'Goodwin', 4, 23),
( 424, 'Joel', 'King', 4, 24),
( 425, 'Jason', 'Cummings', 4, 25),
( 426, 'Keanu', 'Baccus', 4, 26),

( 501, 'Thibaut', 'Courtois', 5, 1),
( 502, 'Toby', 'Alderweireld', 5, 2),
( 503, 'Arthur', 'Theate', 5, 3),
( 504, 'Wout', 'Faes', 5, 4),
( 505, 'Jan', 'Vertonghen', 5, 5),
( 506, 'Axel', 'Witsel', 5, 6),
( 507, 'Kevin', 'De Bruyne', 5, 7),
( 508, 'Youri', 'Tielemans', 5, 8),
( 509, 'Romelu', 'Lukaku', 5, 9),
( 510, 'Eden', 'Hazard', 5, 10),
( 511, 'Yannick', 'Carrasco', 5, 11),
( 512, 'Simon', 'Mignolet', 5, 12),
( 513, 'Koen', 'Casteels', 5, 13),
( 514, 'Dries', 'Mertens', 5, 14),
( 515, 'Thomas', 'Meunier', 5, 15),
( 516, 'Thorgan', 'Hazard', 5, 16),
( 517, 'Leandro', 'Trossard', 5, 17),
( 518, 'Amadou', 'Onana', 5, 18),
( 519, 'Leander', 'Dendoncker', 5, 19),
( 520, 'Hans', 'Vanaken', 5, 20),
( 521, 'Timothy', 'Castagne', 5, 21),
( 522, 'Charles', 'De Ketelaere', 5, 22),
( 523, 'Michy', 'Batshuayi', 5, 23),
( 524, 'Lois', 'Openda', 5, 24),
( 525, 'Jeremy', 'Doku', 5, 25),
( 526, 'Zeno', 'Debast', 5, 26),

( 601, 'Alisson', 'Becker', 6, 1),
( 602, 'Danilo', 'Luiz da Silva', 6, 2),
( 603, 'Thiago', 'Silva', 6, 3),
( 604, 'Marcos Aoas', 'Correa', 6, 4),  --MARQUINHOS
( 605, 'Carlos Henrique', 'Casemiro', 6, 5),
( 606, 'Alex', 'Sandro', 6, 6),
( 607, 'Lucas', 'Paqueta', 6, 7),
( 608, 'Frederico', 'Rodrigues de Paula Santos', 6, 8), --Fred
( 609, 'Richarlison', 'de Andrade', 6, 9),
( 610, 'Neymar', 'Junior', 6, 10),
( 611, 'Raphael', 'Dias Belloli', 6, 11),   --RAPHINHA
( 612, 'Weverton', 'Pereira da Silva', 6, 12),
( 613, 'Dani', 'Alves', 6, 13),
( 614, 'Eder', 'Militao', 6, 14),
( 615, 'Fábio', 'Henrique Tavares', 6, 15),    --FABINHO
( 616, 'Alex', 'Telles', 6, 16),
( 617, 'Bruno', 'Guimaraes', 6, 17),
( 618, 'Gabriel', 'Jesus', 6, 18),
( 619, 'Antony', 'Matheus dos Santos', 6, 19),
( 620, 'Vinicius', 'Junior', 6, 20),
( 621, 'Rodrygo', 'Silva de Goes', 6, 21),
( 622, 'Everton', 'Ribeiro', 6, 22),
( 623, 'Ederson', 'Santana de Moraes', 6, 23),
( 624, 'Gleison Bremer', 'Silva Nascimento', 6, 24),
( 625, 'Pedro', 'Guilherme Abreu dos Santos', 6, 25),
( 626, 'Gabriel', 'Martinelli', 6, 26),

( 701, 'Dominik', 'Livakovic', 7, 1),
( 702, 'Josip', 'Stanisic', 7, 2),
( 703, 'Borna', 'Barisic', 7, 3),
( 704, 'Ivan', 'Perisic', 7, 4),
( 705, 'Martin', 'Erlic', 7, 5),
( 706, 'Dejan', 'Lovren', 7, 6),
( 707, 'Lovro', 'Majer', 7, 7),
( 708, 'Mateo', 'Kovacic', 7, 8),
( 709, 'Andrej', 'Kramaric', 7, 9),
( 710, 'Luka', 'Modric', 7, 10),
( 711, 'Marcelo', 'Brozovic', 7, 11),
( 712, 'Ivo', 'Grbic', 7, 12),
( 713, 'Nikola', 'Vlasic', 7, 13),
( 714, 'Marko', 'Livaja', 7, 14),
( 715, 'Mario', 'Pasalic', 7, 15),
( 716, 'Bruno', 'Petkovic', 7, 16),
( 717, 'Ante', 'Budimir', 7, 17),
( 718, 'Mislav', 'Orsic', 7, 18),
( 719, 'Borna', 'Sosa', 7, 19),
( 720, 'Josko', 'Gvardiol', 7, 20),
( 721, 'Domagoj', 'Vida', 7, 21),
( 722, 'Josip', 'Juranovic', 7, 22),
( 723, 'Ivica', 'Ivusic', 7, 23),
( 724, 'Josip', 'Sutalo', 7, 24),
( 725, 'Luka', 'Sucic', 7, 25),
( 726, 'Kristijan', 'Jakic', 7, 26),

( 801, 'Kasper', 'Schmeichel', 8, 1),
( 802, 'Joachim', 'Andersen', 8, 2),
( 803, 'Victor', 'Nelsson', 8, 3),
( 804, 'Simon', 'Kjaer', 8, 4),
( 805, 'Joakim', 'Maehle', 8, 5),
( 806, 'Andreas', 'Christensen', 8, 6),
( 807, 'Mathias', 'jensen', 8, 7),
( 808, 'Thomas', 'Delaney', 8, 8),
( 809, 'Martin', 'Braithwaite', 8, 9),
( 810, 'Christian', 'Eriksen', 8, 10),
( 811, 'Andreas', 'Skov Olsen', 8, 11),
( 812, 'Kasper', 'Dolberg', 8, 12),
( 813, 'Rasmus', 'Kristensen', 8, 13),
( 814, 'Mikkel', 'Damsgaard', 8, 14),
( 815, 'Christian', 'Norgaard', 8, 15),
( 816, 'Oliver', 'Christensen', 8, 16),
( 817, 'Jens', 'Styger Larsen', 8, 17),
( 818, 'Daniel', 'Wass', 8, 18),
( 819, 'Jonas', 'Wind', 8, 19),
( 820, 'Yussuf', 'Poulsen', 8, 20),
( 821, 'Andreas', 'Cornelius', 8, 21),
( 822, 'Frederik', 'Ronnow', 8, 22),
( 823, 'Pierre-Emile', 'Hojbjerg', 8, 23),
( 824, 'Robert', 'Skov', 8, 24),
( 825, 'Jesper', 'Lindstrom', 8, 25),
( 826, 'Alexander', 'Bah', 8, 26),

( 901, 'Hernan', 'Galindez', 9, 1),
( 902, 'Felix', 'Torres', 9, 2),
( 903, 'Piero', 'Hincapie', 9, 3),
( 904, 'Robert', 'Arboleda', 9, 4),
( 905, 'Jose', 'Cifuentes', 9, 5),
( 906, 'William', 'Pacho', 9, 6),
( 907, 'Pervis', 'Estupinan', 9, 7),
( 908, 'Carlos', 'Gruezo', 9, 8),
( 909, 'Ayrton', 'Preciado', 9, 9),
( 910, 'Romario', 'Ibarra', 9, 10),
( 911, 'Michael', 'Estrada', 9, 11),
( 912, 'Moises', 'Ramirez', 9, 12),
( 913, 'Enner', 'Valencia', 9, 13),
( 914, 'Xavier', 'Arreaga', 9, 14),
( 915, 'Angel', 'Mena', 9, 15),
( 916, 'Jeremy', 'Sarmiento', 9, 16),
( 917, 'Angelo', 'Preciado', 9, 17),
( 918, 'Diego', 'Palacios', 9, 18),
( 919, 'Gonzalo', 'Plata', 9, 19),
( 920, 'Sebas', 'Mendez', 9, 20),
( 921, 'Alan', 'Franco', 9, 21),
( 922, 'Alexander', 'Dominguez', 9, 22),
( 923, 'Moises', 'Caicedo', 9, 23),
( 924, 'Djorkaeff', 'Reasco', 9, 24),
( 925, 'Jackson', 'Porozo', 9, 25),
( 926, 'Kevin', 'Rodriguez', 9, 26),

( 1001, 'Hugo', 'Lloris', 10, 1),
( 1002, 'Benjamin', 'Pavard', 10, 2),
( 1003, 'Axel', 'Disasi', 10, 3),
( 1004, 'Raphael', 'Varane', 10, 4),
( 1005, 'Jules', 'Kounde', 10, 5),
( 1006, 'Matteo', 'Guendouzi', 10, 6),
( 1007, 'Antoine', 'Griezmann', 10, 7),
( 1008, 'Aurelien', 'Tchouameni', 10, 8),
( 1009, 'Olivier', 'Giroud', 10, 9),
( 1010, 'Kylian', 'Mbappe', 10, 10),
( 1011, 'Ousmane', 'Dembele', 10, 11),
( 1012, 'Randal', 'Kolo Muani', 10, 12),
( 1013, 'Youssouf', 'Fofana', 10, 13),
( 1014, 'Adrien', 'Rabiot', 10, 14),
( 1015, 'Jordan', 'Veretout', 10, 15),
( 1016, 'Steve', 'Mandanda', 10, 16),
( 1017, 'William', 'Saliba', 10, 17),
( 1018, 'Dayot', 'Upamecano', 10, 18),
( 1019, 'Karim', 'Benzema', 10, 19),
( 1020, 'Kingsley', 'Coman', 10, 20),
( 1021, 'Lucas', 'Hernandez', 10, 21),
( 1022, 'Theo', 'Hernandez', 10, 22),
( 1023, 'Alphonse', 'Areola', 10, 23),
( 1024, 'Ibrahima', 'Konate', 10, 24),
( 1025, 'Eduardo', 'Camavinga', 10, 25),
( 1026, 'Marcus', 'Thuram', 10, 26),

( 1101, 'Lawrence', 'Ati-Zigi', 11, 1),
( 1102, 'Tariq', 'Lamptey', 11, 2),
( 1103, 'Denis', 'Odoi', 11, 3),
( 1104, 'Mohammed', 'Salisu', 11, 4),
( 1105, 'Thomas', 'Partey', 11, 5),
( 1106, 'Elisha', 'Owusu', 11, 6),
( 1107, 'Abdul Fatawu', 'Issahaku', 11, 7),
( 1108, 'Daniel-Kofi', 'Kyereh', 11, 8),
( 1109, 'Jordan', 'Ayew', 11, 9),
( 1110, 'Andre', 'Ayew', 11, 10),
( 1111, 'Osman', 'Bukari', 11, 11),
( 1112, 'Ibrahim', 'Danlad', 11, 12),
( 1113, 'Daniel', 'Afriyie', 11, 13),
( 1114, 'Gideon', 'Mensah', 11, 14),
( 1115, 'Joseph', 'Aidoo', 11, 15),
( 1116, 'Abdul Manaf', 'Nurudeen', 11, 16),
( 1117, 'Baba', 'Rahman', 11, 17),
( 1118, 'Daniel', 'Amartey', 11, 18),
( 1119, 'Inaki', 'Williams', 11, 19),
( 1120, 'Mohammed', 'Kudus', 11, 20),
( 1121, 'Salis Abdul', 'Samed', 11, 21),
( 1122, 'Kamaldeen', 'Sulemana', 11, 22),
( 1123, 'Alexander', 'Djiku', 11, 23),
( 1124, 'Kamal', 'Sowah', 11, 24),
( 1125, 'Antoine', 'Semenyo', 11, 25),
( 1126, 'Alidu', 'Seidu', 11, 26),

( 1201, 'Robert', 'Sanchez', 12, 1),
( 1202, 'Cesar', 'Azpilicueta', 12, 2),
( 1203, 'Eric', 'Garcia', 12, 3),
( 1204, 'Pau', 'Torres', 12, 4),
( 1205, 'Sergio', 'Busquets', 12, 5),
( 1206, 'Marcos', 'Llorente', 12, 6),
( 1207, 'Alvaro', 'Morata', 12, 7),
( 1208, 'Jorge Resurrección', 'Merodio', 12, 8),    -- KOKE
( 1209, 'Pablo Martin', 'Paez Gavira', 12, 9),    -- GAVI
( 1210, 'Marco', 'Asensio', 12, 10),
( 1211, 'Ferran', 'Torres', 12, 11),
( 1212, 'Nico', 'Williams', 12, 12),
( 1213, 'David', 'Raya', 12, 13),
( 1214, 'Alejandro', 'Balde', 12, 14),
( 1215, 'Hugo', 'Guillamon', 12, 15),
( 1216, 'Rodrigo', 'Hernandez Cascante', 12, 16),  -- RODRI
( 1217, 'Yeremy', 'Pino', 12, 17),
( 1218, 'Jordi', 'Alba', 12, 18),
( 1219, 'Carlos', 'Soler', 12, 19),
( 1220, 'Dani', 'Carvajal', 12, 20),
( 1221, 'Dani', 'Olmo', 12, 21),
( 1222, 'Pablo', 'Sarabia', 12, 22),
( 1223, 'Unai', 'Simon', 12, 23),
( 1224, 'Aymeric', 'Laporte', 12, 24),
( 1225, 'Ansu', 'Fati', 12, 25),
( 1226, 'Pedro', 'Gonzalez Lopez', 12, 26),  -- PEDRI

( 1301, 'Remko', 'Pasveer', 13, 1),
( 1302, 'Jurrien', 'Timber', 13, 2),
( 1303, 'Matthijs', 'de Ligt', 13, 3),
( 1304, 'Virgil', 'van Dijk', 13, 4),
( 1305, 'Nathan', 'Ake', 13, 5),
( 1306, 'Stefan', 'de Vrij', 13, 6),
( 1307, 'Steven', 'Bergwijn', 13, 7),
( 1308, 'Cody', 'Gakpo', 13, 8),
( 1309, 'Luuk', 'de Jong', 13, 9),
( 1310, 'Memphis', 'Depay', 13, 10),
( 1311, 'Steven', 'Berghuis', 13, 11),
( 1312, 'Noa', 'Lang', 13, 12),
( 1313, 'Justin', 'Bijlow', 13, 13),
( 1314, 'Davy', 'Klaassen', 13, 14),
( 1315, 'Marten', 'de Roon', 13, 15),
( 1316, 'Tyrell', 'Malacia', 13, 16),
( 1317, 'Daley', 'Blind', 13, 17),
( 1318, 'Vincent', 'Janssen', 13, 18),
( 1319, 'Wout', 'Weghorst', 13, 19),
( 1320, 'Teun', 'Koopmeiners', 13, 20),
( 1321, 'Frenkie', 'de Jong', 13, 21),
( 1322, 'Denzel', 'Dumfries', 13, 22),
( 1323, 'Andries', 'Noppert', 13, 23),
( 1324, 'Kenneth', 'Taylor', 13, 24),
( 1325, 'Xavi', 'Simons', 13, 25),
( 1326, 'Jeremie', 'Frimpong', 13, 26),

( 1401, 'Alireza', 'Beiranvand', 14, 1),
( 1402, 'Sadegh', 'Moharrami', 14, 2),
( 1403, 'Ehsan', 'Hajsafi', 14, 3),
( 1404, 'Shojae', 'Khalilzadeh', 14, 4),
( 1405, 'Milad', 'Mohammadi', 14, 5),
( 1406, 'Saeid', 'Ezatolahi', 14, 6),
( 1407, 'Alireza', 'Jahanbakhsh', 14, 7),
( 1408, 'Morteza', 'Pouraliganji', 14, 8),
( 1409, 'Mehdi', 'Taremi', 14, 9),
( 1410, 'Karim', 'Ansarifard', 14, 10),
( 1411, 'Vahid', 'Amiri', 14, 11),
( 1412, 'Payam', 'Niazmand', 14, 12),
( 1413, 'Hossein', 'Kanaanizadegan', 14, 13),
( 1414, 'Saman', 'Ghoddos', 14, 14),
( 1415, 'Rouzbeh', 'Cheshmi', 14, 15),
( 1416, 'Mehdi', 'Torabi', 14, 16),
( 1417, 'Ali', 'Gholizadeh', 14, 17),
( 1418, 'Ali', 'Karimi', 14, 18),
( 1419, 'Majid', 'Hosseini', 14, 19),
( 1420, 'Sardar', 'Azmoun', 14, 20),
( 1421, 'Ahmad', 'Nourollahi', 14, 21),
( 1422, 'Amir', 'Abedzadeh', 14, 22),
( 1423, 'Ramin', 'Rezaeian', 14, 23),
( 1424, 'Hossein', 'Hosseini', 14, 24),
( 1425, 'Abolfazl', 'Jalali', 14, 25),

( 1501, 'Eiji', 'Kawashima', 15, 1),
( 1502, 'Miki', 'Yamane', 15, 2),
( 1503, 'Shogo', 'Taniguchi', 15, 3),
( 1504, 'Ko', 'Itakura', 15, 4),
( 1505, 'Yuto', 'Nagatomo', 15, 5),
( 1506, 'Wataru', 'Endo', 15, 6),
( 1507, 'Gaku', 'Shibasaki', 15, 7),
( 1508, 'Ritsu', 'Doan', 15, 8),
( 1509, 'Kaoru', 'Mitoma', 15, 9),
( 1510, 'Takumi', 'Minamino', 15, 10),
( 1511, 'Takefusa', 'Kubo', 15, 11),
( 1512, 'Shuichi', 'Gonda', 15, 12),
( 1513, 'Hidemasa', 'Morita', 15, 13),
( 1514, 'Junya', 'Ito', 15, 14),
( 1515, 'Daichi', 'Kamada', 15, 15),
( 1516, 'Takehiro', 'Tomiyasu', 15, 16),
( 1517, 'Ao', 'Tanaka', 15, 17),
( 1518, 'Takuma', 'Asano', 15, 18),
( 1519, 'Hiroki', 'Sakai', 15, 19),
( 1520, 'Shuto', 'Machino', 15, 20),
( 1521, 'Ayase', 'Ueda', 15, 21),
( 1522, 'Maya', 'Yoshida', 15, 22),
( 1523, 'Daniel', 'Schmidt', 15, 23),
( 1524, 'Yuki', 'Soma', 15, 24),
( 1525, 'Daizen', 'Maeda', 15, 25),
( 1526, 'Hiroki', 'Ito', 15, 26),

( 1601, 'Simon', 'Ngapandouetnbu', 16, 1),
( 1602, 'Jerome', 'Ngom Mbekeli', 16, 2),
( 1603, 'Nicolas', 'Nkoulou', 16, 3),
( 1604, 'Christopher', 'Wooh', 16, 4),
( 1605, 'Gael', 'Ondoua', 16, 5),
( 1606, 'Moumi', 'Ngamaleu', 16, 6),
( 1607, 'Georges-Kevin', 'Nkoudou', 16, 7),
( 1608, 'Andre-Frank', 'Zambo Anguissa', 16, 8),
( 1609, 'Jean-Pierre', 'Nsame', 16, 9),
( 1610, 'Vincent', 'Aboubakar', 16, 10),
( 1611, 'Christian', 'Bassogog', 16, 11),
( 1612, 'Karl', 'Toko Ekambi', 16, 12),
( 1613, 'Eric Maxim', 'Choupo-Moting', 16, 13),
( 1614, 'Samuel', 'Gouet', 16, 14),
( 1615, 'Pierre', 'Kunde', 16, 15),
( 1616, 'Devis', 'Epassy', 16, 16),
( 1617, 'Olivier', 'Mbaizo', 16, 17),
( 1618, 'Martin', 'Hongla', 16, 18),
( 1619, 'Collins', 'Fai', 16, 19),
( 1620, 'Bryan', 'Mbeumo', 16, 20),
( 1621, 'Jean-Charles', 'Castelletto', 16, 21),
( 1622, 'Olivier', 'Ntcham', 16, 22),
( 1623, 'Andre', 'Onana', 16, 23),
( 1624, 'Enzo', 'Ebosse', 16, 24),
( 1625, 'Nouhou', 'Tolo', 16, 25),
( 1626, 'Souaibou', 'Marou', 16, 26),

( 1701, 'Dayne', 'St. Clair', 17, 1),
( 1702, 'Alistair', 'Johnston', 17, 2),
( 1703, 'Sam', 'Adekugbe', 17, 3),
( 1704, 'Kamal', 'Miller', 17, 4),
( 1705, 'Steven', 'Vitoria', 17, 5),
( 1706, 'Samuel', 'Piette', 17, 6),
( 1707, 'Stephen', 'Eustaquio', 17, 7),
( 1708, 'Liam', 'Fraser', 17, 8),
( 1709, 'Lucas', 'Cavallini', 17, 9),
( 1710, 'Junior', 'Hoilett', 17, 10),
( 1711, 'Tajon', 'Buchanan', 17, 11),
( 1712, 'Ike', 'Ugbo', 17, 12),
( 1713, 'Atiba', 'Hutchinson', 17, 13),
( 1714, 'Mark-Anthony', 'Kaye', 17, 14),
( 1715, 'Ismael', 'Kone', 17, 15),
( 1716, 'James', 'Pantemis', 17, 16),
( 1717, 'Cyle', 'Larin', 17, 17),
( 1718, 'Milan', 'Borjan', 17, 18),
( 1719, 'Alphonso', 'Davies', 17, 19),
( 1720, 'Jonathan', 'David', 17, 20),
( 1721, 'Jonathan', 'Osorio', 17, 21),
( 1722, 'Richie', 'Laryea', 17, 22),
( 1723, 'Liam', 'Millar', 17, 23),
( 1724, 'David', 'Wotherspoon', 17, 24),
( 1725, 'Derek', 'Cornelius', 17, 25),
( 1726, 'Joel', 'Waterman', 17, 26),

( 1801, 'Saad', 'Al-Sheeb', 18, 1),
( 1802, 'Pedro Miguel', 'Carvalho Deus Correia', 18, 2),    --RO-RO
( 1803, 'Abdelkarim', 'Hassan', 18, 3),
( 1804, 'Mohammed', 'Waad', 18, 4),
( 1805, 'Tarek', 'Salman', 18, 5),
( 1806, 'Abdulaziz', 'Hatem', 18, 6),
( 1807, 'Ahmed', 'Alaaeldin', 18, 7),
( 1808, 'Ali', 'Assadalla', 18, 8),
( 1809, 'Mohammed', 'Muntari', 18, 9),
( 1810, 'Hassan', 'Al-Haydos', 18, 10),
( 1811, 'Akram', 'Afif', 18, 11),
( 1812, 'Karim', 'Boudiaf', 18, 12),
( 1813, 'Musab', 'Kheder', 18, 13),
( 1814, 'Homam', 'Ahmed', 18, 14),
( 1815, 'Bassam', 'Al-Rawi', 18, 15),
( 1816, 'Boualem', 'Khoukhi', 18, 16),
( 1817, 'Ismael', 'Mohammad', 18, 17),
( 1818, 'Khalid', 'Muneer', 18, 18),
( 1819, 'Almoez', 'Ali', 18, 19),
( 1820, 'Salem', 'Al-Hajri', 18, 20),
( 1821, 'Yousef', 'Hassan', 18, 21),
( 1822, 'Meshaal', 'Barsham', 18, 22),
( 1823, 'Assim', 'Madibo', 18, 23),
( 1824, 'Naif', 'Al-Hadhrami', 18, 24),
( 1825, 'Jassem', 'Gaber', 18, 25),
( 1826, 'Mostafa', 'Meshaal', 18, 26),

( 1901, 'Kim', 'Seung-gyu', 19, 1),
( 1902, 'Yoon', 'Jong-gyu', 19, 2),
( 1903, 'Kim', 'Jin-su', 19, 3),
( 1904, 'Kim', 'Min-jae', 19, 4),
( 1905, 'Jung', 'Woo-young', 19, 5),
( 1906, 'Hwang', 'In-beom', 19, 6),
( 1907, 'Son', 'Heung-min', 19, 7),
( 1908, 'Paik', 'Gue-sung', 19, 8),
( 1909, 'Cho', 'Gue-sung', 19, 9),
( 1910, 'Lee', 'Jae-sung', 19, 10),
( 1911, 'Hwang', 'Hee-chan', 19, 11),
( 1912, 'Song', 'Bum-keun', 19, 12),
( 1913, 'Son', 'Jun-ho', 19, 13),
( 1914, 'Hong', 'Chul', 19, 14),
( 1915, 'Kim', 'Moon-hwan', 19, 15),
( 1916, 'Hwang', 'Ui-jo', 19, 16),
( 1917, 'Na', 'Sang-ho', 19, 17),
( 1918, 'Lee', 'Kang-in', 19, 18),
( 1919, 'Kim', 'Young-gwon', 19, 19),
( 1920, 'Kwon', 'Kyung-won', 19, 20),
( 1921, 'Jo', 'Hyeon-woo', 19, 21),
( 1922, 'Kwon', 'Chang-hoon', 19, 22),
( 1923, 'Kim', 'Tae-hwan', 19, 23),
( 1924, 'Cho', 'Yu-min', 19, 24),
( 1925, 'Jeong', 'Woo-yeong', 19, 25),
( 1926, 'Song', 'Min-kyu', 19, 26),

( 2001, 'Keylor', 'Navas', 20, 1),
( 2002, 'Daniel', 'Chacon', 20, 2),
( 2003, 'Juan Pablo', 'Vargas', 20, 3),
( 2004, 'Keysher', 'Fuller', 20, 4),
( 2005, 'Celso', 'Borges', 20, 5),
( 2006, 'Oscar', 'Duarte', 20, 6),
( 2007, 'Anthony', 'Contreras', 20, 7),
( 2008, 'Bryan', 'Oviedo', 20, 8),
( 2009, 'Jewison', 'Bennette', 20, 9),
( 2010, 'Bryan', 'Ruiz', 20, 10),
( 2011, 'Johan', 'venegas', 20, 11),
( 2012, 'Joel', 'Campbell', 20, 12),
( 2013, 'Gerson', 'Torres', 20, 13),
( 2014, 'Youstin', 'Salas', 20, 14),
( 2015, 'Francisco', 'Calvo', 20, 15),
( 2016, 'Carlos', 'Martinez', 20, 16),
( 2017, 'Yeltsin', 'Tejeda', 20, 17),
( 2018, 'Esteban', 'Alvarado', 20, 18),
( 2019, 'Kendall', 'Waston', 20, 19),
( 2020, 'Brandon', 'Aguilera', 20, 20),
( 2021, 'Douglas', 'Lopez', 20, 21),
( 2022, 'Ronald', 'Matarrita', 20, 22),
( 2023, 'Patrick', 'Sequeira', 20, 23),
( 2024, 'Roan', 'Wilson', 20, 24),
( 2025, 'Anthony', 'Hernandez', 20, 25),
( 2026, 'Alvaro', 'Zamora', 20, 26),

( 2101, 'Yassine', 'Bounou', 21, 1),
( 2102, 'Achraf', 'Hakimi', 21, 2),
( 2103, 'Noussair', 'Mazraoui', 21, 3),
( 2104, 'Sofyan', 'Amrabat', 21, 4),
( 2105, 'Nayef', 'Aguerd', 21, 5),
( 2106, 'Romain', 'Saiss', 21, 6),
( 2107, 'Hakim', 'Ziyech', 21, 7),
( 2108, 'Azzedine', 'Ounahi', 21, 8),
( 2109, 'Abderrazak', 'Hamdallah', 21, 9),
( 2110, 'Anass', 'Zaroury', 21, 10),
( 2111, 'Abdelhamid', 'Sabiri', 21, 11),
( 2112, 'Munir', 'Mohamedi', 21, 12),
( 2113, 'Ilias', 'Chair', 21, 13),
( 2114, 'Zakaria', 'Aboukhlal', 21, 14),
( 2115, 'Selim', 'Amallah', 21, 15),
( 2116, 'Abde', 'Ezzalzouli', 21, 16),
( 2117, 'Sofiane', 'Boufal', 21, 17),
( 2118, 'Jawed', 'El Yamiq', 21, 18),
( 2119, 'Youssef', 'En-Nesyri', 21, 19),
( 2120, 'Achraf', 'Dari', 21, 20),
( 2121, 'Walid', 'Cheddira', 21, 21),
( 2122, 'Ahmed', 'Reda Tagnaouti', 21, 22),
( 2123, 'Bilal', 'El Khannous', 21, 23),
( 2124, 'Badr', 'Benoun', 21, 24),
( 2125, 'Yahia', 'Attiyat Allah', 21, 25),
( 2126, 'Yahya', 'Jabrane', 21, 26),

( 2201, 'Alfredo', 'Talavera', 22, 1),
( 2202, 'Nestor', 'Araujo', 22, 2),
( 2203, 'Cesar', 'Montes', 22, 3),
( 2204, 'Edson', 'Alvarez', 22, 4),
( 2205, 'Johan', 'Vasquez', 22, 5),
( 2206, 'Gerardo', 'Arteaga', 22, 6),
( 2207, 'Luis', 'Romo', 22, 7),
( 2208, 'Carlos', 'Rodriguez', 22, 8),
( 2209, 'Raul', 'Jimenez', 22, 9),
( 2210, 'Alexis', 'Vega', 22, 10),
( 2211, 'Rogelio', 'Funes Mori', 22, 11),
( 2212, 'Rodolfo', 'Cota', 22, 12),
( 2213, 'Guillermo', 'Ochoa', 22, 13),
( 2214, 'Eric', 'Gutierrez', 22, 14),
( 2215, 'Hector', 'Moreno', 22, 15),
( 2216, 'Hector', 'Herrera', 22, 16),
( 2217, 'Orbelin', 'Pineda', 22, 17),
( 2218, 'Andres', 'Guardado', 22, 18),
( 2219, 'Jorge', 'Sanchez', 22, 19),
( 2220, 'Henry', 'Martin', 22, 20),
( 2221, 'Uriel', 'Antuna', 22, 21),
( 2222, 'Hirving', 'Lozano', 22, 22),
( 2223, 'Jesus', 'Gallardo', 22, 23),
( 2224, 'Luis', 'Chavez', 22, 24),
( 2225, 'Roberto', 'Alvarado', 22, 25),
( 2226, 'Kevin', 'Alvarez', 22, 26),

( 2301, 'Manuel', 'Neuer', 23, 1),
( 2302, 'Antonio', 'Rudiger', 23, 2),
( 2303, 'David', 'Raum', 23, 3),
( 2304, 'Matthias', 'Ginter', 23, 4),
( 2305, 'Thilo', 'Kehrer', 23, 5),
( 2306, 'Joshua', 'Kimmich', 23, 6),
( 2307, 'Kai', 'Havertz', 23, 7),
( 2308, 'Leon', 'Goretzka', 23, 8),
( 2309, 'Niclas', 'Fullkrug', 23, 9),
( 2310, 'Serge', 'Gnabry', 23, 10),
( 2311, 'Mario', 'Gotze', 23, 11),
( 2312, 'Kevin', 'Trapp', 23, 12),
( 2313, 'Thomas', 'Muller', 23, 13),
( 2314, 'Jamal', 'Musiala', 23, 14),
( 2315, 'Niklas', 'Sule', 23, 15),
( 2316, 'Lukas', 'Klostermann', 23, 16),
( 2317, 'Julian', 'Brandt', 23, 17),
( 2318, 'Jonas', 'Hofmann', 23, 18),
( 2319, 'Leroy', 'Sane', 23, 19),
( 2320, 'Christian', 'Gunter', 23, 20),
( 2321, 'Ilkay', 'Gundogan', 23, 21),
( 2322, 'Marc-Andre', 'ter Stegen', 23, 22),
( 2323, 'Nico', 'Schlotterbeck', 23, 23),
( 2324, 'Karim', 'Adeyemi', 23, 24),
( 2325, 'Armel', 'Bella-Kotchap', 23, 25),
( 2326, 'Youssoufa', 'Moukoko', 23, 26),

( 2401, 'Wojciech', 'Szczesny', 24, 1),
( 2402, 'Matty', 'Cash', 24, 2),
( 2403, 'Artur', 'Jedrzejczyk', 24, 3),
( 2404, 'Mateusz', 'Wieteska', 24, 4),
( 2405, 'Jan', 'Bednarek', 24, 5),
( 2406, 'Krystian', 'Bielik', 24, 6),
( 2407, 'Arkadiusz', 'Milik', 24, 7),
( 2408, 'Damian', 'Szymanski', 24, 8),
( 2409, 'Robert', 'Lewandowski', 24, 9),
( 2410, 'Grzegorz', 'Krychowiak', 24, 10),
( 2411, 'Kamil', 'Grosicki', 24, 11),
( 2412, 'Lukasz', 'Skorupski', 24, 12),
( 2413, 'Jakub', 'Kaminski', 24, 13),
( 2414, 'Jakub', 'Kiwior', 24, 14),
( 2415, 'Kamil', 'Glik', 24, 15),
( 2416, 'Karol', 'Swiderski', 24, 16),
( 2417, 'Szymon', 'Zurkowski', 24, 17),
( 2418, 'Bartosz', 'Bereszynski', 24, 18),
( 2419, 'Sebastian', 'Szymanski', 24, 19),
( 2420, 'Piotr', 'Zielinski', 24, 20),
( 2421, 'Nicola', 'Zalewski', 24, 21),
( 2422, 'Kamil', 'Grabara', 24, 22),
( 2423, 'Krzysztof', 'Piatek', 24, 23),
( 2424, 'Przemyslaw', 'Frankowski', 24, 24),
( 2425, 'Robert', 'Gumny', 24, 25),
( 2426, 'Michal', 'Skoras', 24, 26),

( 2501, 'Rui', 'Patricio', 25, 1),
( 2502, 'Diogo', 'Dalot', 25, 2),
( 2503, 'Kepler', 'Laveran de Lima Ferreira', 25, 3),   --PEPE
( 2504, 'Ruben', 'Dias', 25, 4),
( 2505, 'Raphael', 'Guerreiro', 25, 5),
( 2506, 'Joao', 'Palhinha', 25, 6),
( 2507, 'Cristiano', 'Ronaldo', 25, 7),
( 2508, 'Bruno', 'Fernandes', 25, 8),
( 2509, 'Andre', 'Silva', 25, 9),
( 2510, 'Bernardo', 'Silva', 25, 10),
( 2511, 'Joao', 'Felix', 25, 11),
( 2512, 'Jose', 'Sa', 25, 12),
( 2513, 'Danilo', 'Pereira', 25, 13),
( 2514, 'William', 'Carvalho', 25, 14),
( 2515, 'Rafael', 'Leao', 25, 15),
( 2516, 'Vitor', 'Machado Ferreira', 25, 16),  --VITINHA
( 2517, 'Joao', 'Mario', 25, 17),
( 2518, 'Ruben', 'Neves', 25, 18),
( 2519, 'Nuno', 'Mendes', 25, 19),
( 2520, 'Joao', 'Cancelo', 25, 20),
( 2521, 'Ricardo', 'Horta', 25, 21),
( 2522, 'Diogo', 'Costa', 25, 22),
( 2523, 'Matheus', 'Nunes', 25, 23),
( 2524, 'Antonio', 'Silva', 25, 24),
( 2525, 'Otavio', 'Edmilson da Silva Monteiro', 25, 25),
( 2526, 'Goncalo', 'Ramos', 25, 26),

( 2601, 'Seny', 'Dieng', 26, 1),
( 2602, 'Formose', 'Mendy', 26, 2),
( 2603, 'Kalidou', 'Koulibaly', 26, 3),
( 2604, 'Pape Abou', 'Cisse', 26, 4),
( 2605, 'Idrissa', 'Gueye', 26, 5),
( 2606, 'Nampalys', 'Mendy', 26, 6),
( 2607, 'Nicolas', 'Jackson', 26, 7),
( 2608, 'Cheikhou', 'Kouyate', 26, 8),
( 2609, 'Boulaye', 'Dia', 26, 9),
( 2610, 'Moussa', 'NDiaye', 26, 10),
( 2611, 'Pathe', 'Ciss', 26, 11),
( 2612, 'Fode', 'Ballo-Toure', 26, 12),
( 2613, 'Iliman', 'Ndiaye', 26, 13),
( 2614, 'Ismail', 'Jakobs', 26, 14),
( 2615, 'Krepin', 'Diatta', 26, 15),
( 2616, 'Edouard', 'Mendy', 26, 16),
( 2617, 'Pape Matar', 'Sarr', 26, 17),
( 2618, 'Ismaila', 'Sarr', 26, 18),
( 2619, 'Famara', 'Diedhiou', 26, 19),
( 2620, 'Bamba', 'Dieng', 26, 20),
( 2621, 'Youssouf', 'Sabaly', 26, 21),
( 2622, 'Abdou', 'Diallo', 26, 22),
( 2623, 'Alfred', 'Gomis', 26, 23),
( 2624, 'Moustapha', 'Name', 26, 24),
( 2625, 'Mamadou', 'Loum', 26, 25),
( 2626, 'Pape', 'Gueye', 26, 26),

( 2701, 'Marko', 'Dmitrovic', 27, 1),
( 2702, 'Strahinja', 'Pavlovic', 27, 2),
( 2703, 'Stahinja', 'Erakovic', 27, 3),
( 2704, 'Nikola', 'Milenkovic', 27, 4),
( 2705, 'Milos', 'Veljkovic', 27, 5),
( 2706, 'Nemanja', 'Maksimovic', 27, 6),
( 2707, 'Nemanja', 'Radonjic', 27, 7),
( 2708, 'Nemanja', 'Gudelj', 27, 8),
( 2709, 'Aleksandar', 'Mitrovic', 27, 9),
( 2710, 'Dusan', 'Tadic', 27, 10),
( 2711, 'Luka', 'Jovic', 27, 11),
( 2712, 'Predrag', 'Rajkovic', 27, 12),
( 2713, 'Stefan', 'Mitrovic', 27, 13),
( 2714, 'Andrija', 'Zivkovic', 27, 14),
( 2715, 'Srdan', 'Babic', 27, 15),
( 2716, 'Sasa', 'Lukic', 27, 16),
( 2717, 'Filip', 'Kostic', 27, 17),
( 2718, 'Dusan', 'Vlahovic', 27, 18),
( 2719, 'Uros', 'Racic', 27, 19),
( 2720, 'Sergej', 'Milinković-Savić', 27, 20),
( 2721, 'Filip', 'Duricic', 27, 21),
( 2722, 'Darko', 'Lazovic', 27, 22),
( 2723, 'Vanja', 'Milinković-Savić', 27, 23),
( 2724, 'Ivan', 'Ilic', 27, 24),
( 2725, 'Filip', 'Mladenovic', 27, 25),
( 2726, 'Marko', 'Grujic', 27, 26),

( 2801, 'Matt', 'Turner', 28, 1),
( 2802, 'Sergino', 'Dest', 28, 2),
( 2803, 'Walker', 'Zimmerman', 28, 3),
( 2804, 'Tyler', 'Adams', 28, 4),
( 2805, 'Antonee', 'Robinson', 28, 5),
( 2806, 'Yunus', 'Musah', 28, 6),
( 2807, 'Giovanni', 'Reyna', 28, 7),
( 2808, 'Weston', 'McKennie', 28, 8),
( 2809, 'Jesus', 'Ferreira', 28, 9),
( 2810, 'Christian', 'Pulisic', 28, 10),
( 2811, 'Brenden', 'Aaronson', 28, 11),
( 2812, 'Ethan', 'Horvath', 28, 12),
( 2813, 'Tim', 'Ream', 28, 13),
( 2814, 'Luca', 'de la Torre', 28, 14),
( 2815, 'Aaron', 'Long', 28, 15),
( 2816, 'Jordan', 'Morris', 28, 16),
( 2817, 'Cristian', 'Roldan', 28, 17),
( 2818, 'Shaq', 'Moore', 28, 18),
( 2819, 'Haji', 'Wright', 28, 19),
( 2820, 'Cameron', 'Carter-Vickers', 28, 20),
( 2821, 'Timothy', 'Weah', 28, 21),
( 2822, 'DeAndre', 'Yedlin', 28, 22),
( 2823, 'Kellyn', 'Acosta', 28, 23),
( 2824, 'Josh', 'Sargent', 28, 24),
( 2825, 'Sean', 'Johnson', 28, 25),
( 2826, 'Joe', 'Scally', 28, 26),

( 2901, 'Yann', 'Sommer', 29, 1),
( 2902, 'Edmilosn', 'Fernandes', 29, 2),
( 2903, 'Silvan', 'Widmer', 29, 3),
( 2904, 'Nico', 'Elvedi', 29, 4),
( 2905, 'Manuel', 'Akanji', 29, 5),
( 2906, 'Denis', 'Zakaria', 29, 6),
( 2907, 'Breel', 'Embolo', 29, 7),
( 2908, 'Remo', 'Freuler', 29, 8),
( 2909, 'Haris', 'Seferovic', 29, 9),
( 2910, 'Granit', 'Xhaka', 29, 10),
( 2911, 'Renato', 'Steffen', 29, 11),
( 2912, 'Jonas', 'Omlin', 29, 12),
( 2913, 'Ricardo', 'Rodriguez', 29, 13),
( 2914, 'Mihcel', 'Aebischer', 29, 14),
( 2915, 'Djibril', 'Sow', 29, 15),
( 2916, 'Christian', 'Fassnacht', 29, 16),
( 2917, 'Ruben', 'vargas', 29, 17),
( 2918, 'Eray', 'Comert', 29, 18),
( 2919, 'Noah', 'Okafor', 29, 19),
( 2920, 'Fabian', 'Frei', 29, 20),
( 2921, 'Gregor', 'Kobel', 29, 21),
( 2922, 'Fabian', 'Schar', 29, 22),
( 2923, 'Xherdan', 'Shaqiri', 29, 23),
( 2924, 'Philipp', 'Kohn', 29, 24),
( 2925, 'Fabian', 'Rieder', 29, 25),
( 2926, 'Ardon', 'Jashari', 29, 26),

( 3001, 'Aymen', 'Mathlouthi', 30, 1),
( 3002, 'Bilel', 'Ifa', 30, 2),
( 3003, 'Montassar', 'Talbi', 30, 3),
( 3004, 'Yassine', 'Meriah', 30, 4),
( 3005, 'Nader', 'Ghandri', 30, 5),
( 3006, 'Dylan', 'Bronn', 30, 6),
( 3007, 'Youssef', 'Msakni', 30, 7),
( 3008, 'Hannibal', 'Mejbri', 30, 8),
( 3009, 'Issam', 'Jebali', 30, 9),
( 3010, 'Wahbi', 'Khazri', 30, 10),
( 3011, 'Taha Yassine', 'Khenissi', 30, 11),
( 3012, 'Ali', 'Maaloul', 30, 12),
( 3013, 'Ferjani', 'Sassi', 30, 13),
( 3014, 'Aissa', 'Laidouni', 30, 14),
( 3015, 'Mohamed Ali', 'Ben Romdhane', 30, 15),
( 3016, 'Aymen', 'Dahmen', 30, 16),
( 3017, 'Ellyes', 'Skhiri', 30, 17),
( 3018, 'Ghailene', 'Chaalali', 30, 18),
( 3019, 'Seifeddine', 'Jaziri', 30, 19),
( 3020, 'Mohamed', 'Drager', 30, 20),
( 3021, 'Wajdi', 'Kechrida', 30, 21),
( 3022, 'Bechir', 'Ben Said', 30, 22),
( 3023, 'Naim', 'Sliti', 30, 23),
( 3024, 'Ali', 'Abdi', 30, 24),
( 3025, 'Anis', 'Ben Slimane', 30, 25),
( 3026, 'Mouez', 'Hassen', 30, 26),

( 3101, 'Fernando', 'Muslera', 31, 1),
( 3102, 'Jose', 'Gimenez', 31, 2),
( 3103, 'Diego', 'Godin', 31, 3),
( 3104, 'Ronald', 'Araujo', 31, 4),
( 3105, 'Matias', 'Vecino', 31, 5),
( 3106, 'Rodrigo', 'Bentancur', 31, 6),
( 3107, 'Nicolas', 'de la Cruz', 31, 7),
( 3108, 'Facundo', 'Pellistri', 31, 8),
( 3109, 'Luis', 'Suarez', 31, 9),
( 3110, 'Giorgian', 'de Arrascaeta', 31, 10),
( 3111, 'Darwin', 'Nunez', 31, 11),
( 3112, 'Sebastian', 'Sosa', 31, 12),
( 3113, 'Guillermo', 'Varela', 31, 13),
( 3114, 'Lucas', 'Torreira', 31, 14),
( 3115, 'Federico', 'Valverde', 31, 15),
( 3116, 'Mathias', 'Olivera', 31, 16),
( 3117, 'Mathias', 'Vina', 31, 17),
( 3118, 'Maxi', 'Gomez', 31, 18),
( 3119, 'Sebastian', 'Coates', 31, 19),
( 3120, 'Facundo', 'Torres', 31, 20),
( 3121, 'Edinson', 'Cavani', 31, 21),
( 3122, 'Martin', 'Caceres', 31, 22),
( 3123, 'Sergio', 'Rochet', 31, 23),
( 3124, 'Agustin', 'Canobbio', 31, 24),
( 3125, 'Manuel', 'Ugarte', 31, 25),
( 3126, 'Jose Luis', 'Rodriguez', 31, 26),

( 3201, 'Wayne', 'Hennessey', 32, 1),
( 3202, 'Chris', 'Gunter', 32, 2),
( 3203, 'Neco', 'Williams', 32, 3),
( 3204, 'Ben', 'Davies', 32, 4),
( 3205, 'Chris', 'Mepham', 32, 5),
( 3206, 'Joe', 'Rodon', 32, 6),
( 3207, 'Joe', 'Allen', 32, 7),
( 3208, 'Harry', 'Wilson', 32, 8),
( 3209, 'Brennan', 'Johnson', 32, 9),
( 3210, 'Aaron', 'Ramsey', 32, 10),
( 3211, 'Gareth', 'Bale', 32, 11),
( 3212, 'Dannyn', 'Ward', 32, 12),
( 3213, 'Kieffer', 'Moore', 32, 13),
( 3214, 'Connor', 'Roberts', 32, 14),
( 3215, 'Ethan', 'Ampadu', 32, 15),
( 3216, 'Joe', 'Morrell', 32, 16),
( 3217, 'Tom', 'Lockyer', 32, 17),
( 3218, 'Jonny', 'Williams', 32, 18),
( 3219, 'Mark', 'Harris', 32, 19),
( 3220, 'Daniel', 'James', 32, 20),
( 3221, 'Adam', 'Davies', 32, 21),
( 3222, 'Sorba', 'Thomas', 32, 22),
( 3223, 'Dylann', 'Levitt', 32, 23),
( 3224, 'Ben', 'Cabango', 32, 24),
( 3225, 'Rubin', 'Colwill', 32, 25),
( 3226, 'Matthew', 'Smith', 32, 26);


-- wstawienie danych - tabela stadion
insert into stadion ( id_stadion, miasto, nazwa, pojemnosc) values
( 1, 'Lusajl', 'Lusail Stadium', 88966),
( 2, 'Al-Chaur', 'Al Bayt Stadium', 68895),
( 3, 'Doha', 'Al Thumama Stadium', 44400),
( 4, 'Doha', 'Stadium 974', 44089),
( 5, 'Ar-Rajjan', 'Khalifa Internationa Stadium', 45857),
( 6, 'Ar-Rajjan', 'Ahmad bin Ali Stadium', 45032),
( 7, 'Ar-Rajjan', 'Education City Stadium', 44667),
( 8, 'Al-Wakra', 'Al Janoub Stadium', 44325);

-- wstawienie danych - tabela mecz
insert into mecz  (id_mecz, id_stadion, id_sedzia, id_reprezentacja1, id_reprezentacja2, faza, data_rozpoczecia) values
( 1, 2, 32, 18, 9, 'Grupa', '2022-11-20 17:00:00'),
( 2, 3, 22, 26, 13, 'Grupa', '2022-11-21 17:00:00'),
( 3, 5, 18, 1, 14, 'Grupa', '2022-11-21 14:00:00'),
( 4, 6, 1, 28, 32, 'Grupa', '2022-11-21 20:00:00'),
( 5, 8, 9, 10, 4, 'Grupa', '2022-11-22 20:00:00'),
( 6, 7, 17, 8, 30, 'Grupa', '2022-11-22 14:00:00'),
( 7, 4, 2, 22, 24, 'Grupa', '2022-11-22 17:00:00'),
( 8, 1, 36, 3, 2, 'Grupa', '2022-11-22 11:00:00'),
( 9, 6, 12, 5, 17, 'Grupa', '2022-11-23 20:00:00'),
( 10, 3, 5, 12, 20, 'Grupa', '2022-11-23 17:00:00'),
( 11, 5, 13, 23, 15, 'Grupa', '2022-11-23 14:00:00'),
( 12, 2, 21, 21, 7, 'Grupa', '2022-11-23 11:00:00'),
( 13, 8, 23, 29, 16, 'Grupa', '2022-11-24 11:00:00'),
( 14, 7, 35, 32, 19, 'Grupa', '2022-11-24 14:00:00'),
( 15, 4, 14, 25, 11, 'Grupa', '2022-11-24 17:00:00'),
( 16, 1, 3, 6, 27, 'Grupa', '2022-11-24 20:00:00'),
( 17, 6, 15, 32, 14, 'Grupa', '2022-11-25 11:00:00'),
( 18, 3, 30, 18, 26, 'Grupa', '2022-11-25 14:00:00'),
( 19, 5, 8, 13, 9, 'Grupa', '2022-11-25 17:00:00'),
( 20, 2, 24, 1, 28, 'Grupa', '2022-11-25 20:00:00'),
( 21, 8, 33, 30, 4, 'Grupa', '2022-11-26 11:00:00'),
( 22, 7, 22, 24, 2, 'Grupa', '2022-11-26 14:00:00'),
( 23, 4, 29, 10, 8, 'Grupa', '2022-11-26 17:00:00'),
( 24, 1, 32, 3, 22, 'Grupa', '2022-11-26 20:00:00'),
( 25, 6, 31, 15, 20, 'Grupa', '2022-11-27 11:00:00'),
( 26, 3, 17, 5, 21, 'Grupa', '2022-11-27 14:00:00'),
( 27, 5, 18, 7, 17, 'Grupa', '2022-11-27 17:00:00'),
( 28, 2, 28, 12, 23, 'Grupa', '2022-11-27 20:00:00'),
( 29, 8, 5, 16, 27, 'Grupa', '2022-11-28 11:00:00'),
( 30, 7, 34, 19, 11, 'Grupa', '2022-11-28 14:00:00'),
( 31, 4, 13, 6, 29, 'Grupa', '2022-11-28 17:00:00'),
( 32, 1, 3, 25, 31, 'Grupa', '2022-11-28 20:00:00'),
( 33, 6, 36, 32, 1, 'Grupa', '2022-11-29 20:00:00'),
( 34, 3, 30, 14, 28, 'Grupa', '2022-11-29 20:00:00'),
( 35, 5, 35, 9, 26, 'Grupa', '2022-11-29 16:00:00'),
( 36, 2, 7, 13, 18, 'Grupa', '2022-11-29 16:00:00'),
( 37, 8, 8, 4, 8, 'Grupa', '2022-11-30 16:00:00'),
( 38, 7, 25, 30, 10, 'Grupa', '2022-11-30 16:00:00'),
( 39, 4, 28, 24, 3, 'Grupa', '2022-11-30 20:00:00'),
( 40, 1, 31, 2, 22, 'Grupa', '2022-11-30 20:00:00'),
( 41, 6, 34, 7, 5, 'Grupa', '2022-12-01 16:00:00'),
( 42, 3, 18, 17, 21, 'Grupa', '2022-12-01 16:00:00'),
( 43, 5, 9, 15, 12, 'Grupa', '2022-12-01 20:00:00'),
( 44, 2, 26, 20, 23, 'Grupa', '2022-12-01 20:00:00'),
( 45, 8, 33, 11, 31, 'Grupa', '2022-12-02 16:00:00'),
( 46, 7, 23, 19, 25, 'Grupa', '2022-12-02 16:00:00'),
( 47, 4, 21, 27, 29, 'Grupa', '2022-12-02 20:00:00'),
( 48, 1, 14, 16, 6, 'Grupa', '2022-12-02 20:00:00'),
( 49, 5, 22, 13, 28, '1/8 finalu', '2022-12-03 16:00:00'),
( 50, 6, 29, 3, 4, '1/8 finalu', '2022-12-03 20:00:00'),
( 51, 2, 13, 1, 26, '1/8 finalu', '2022-12-04 20:00:00'),
( 52, 3, 24, 10, 24, '1/8 finalu', '2022-12-04 16:00:00'),
( 53, 8, 14, 15, 7, '1/8 finalu', '2022-12-05 16:00:00'),
( 54, 4, 35, 6, 19, '1/8 finalu', '2022-12-05 20:00:00'),
( 55, 7, 21, 21, 12, '1/8 finalu', '2022-12-06 16:00:00'),
( 56, 1, 17, 25, 29, '1/8 finalu', '2022-12-06 20:00:00'),
( 57, 1, 30, 13, 3, 'Cwiercfinal', '2022-12-09 20:00:00'),
( 58, 7, 31, 7, 6, 'Cwiercfinal', '2022-12-09 16:00:00'),
( 59, 2, 22, 1, 10, 'Cwiercfinal', '2022-12-10 20:00:00'),
( 60, 3, 23, 21, 25, 'Cwiercfinal', '2022-12-10 16:00:00'),
( 61, 1, 32, 3, 7, 'Polfinal', '2022-12-13 20:00:00'),
( 62, 2, 17, 10, 21, 'Polfinal', '2022-12-14 20:00:00'),
( 63, 5, 1, 7, 21, 'o 3 miejsce', '2022-12-17 16:00:00'),
( 64, 1, 29, 3, 10, 'Final', '2022-12-18 16:00:00');

-- wstawienie danych - tabela wynik_meczu
insert into wynik_meczu ( id_mecz, wynik_reprezentacja1, wynik_reprezentacja2) values
( 1, 0, 0),
( 2, 0, 0),
( 3, 0, 0),
( 4, 0, 0),
( 5, 0, 0),
( 6, 0, 0),
( 7, 0, 0),
( 8, 0, 0),
( 9, 0, 0),
( 10, 0, 0),
( 11, 0, 0),
( 12, 0, 0),
( 13, 0, 0),
( 14, 0, 0),
( 15, 0, 0),
( 16, 0, 0),
( 17, 0, 0),
( 18, 0, 0),
( 19, 0, 0),
( 20, 0, 0),
( 21, 0, 0),
( 22, 0, 0),
( 23, 0, 0),
( 24, 0, 0),
( 25, 0, 0),
( 26, 0, 0),
( 27, 0, 0),
( 28, 0, 0),
( 29, 0, 0),
( 30, 0, 0),
( 31, 0, 0),
( 32, 0, 0),
( 33, 0, 0),
( 34, 0, 0),
( 35, 0, 0),
( 36, 0, 0),
( 37, 0, 0),
( 38, 0, 0),
( 39, 0, 0),
( 40, 0, 0),
( 41, 0, 0),
( 42, 0, 0),
( 43, 0, 0),
( 44, 0, 0),
( 45, 0, 0),
( 46, 0, 0),
( 47, 0, 0),
( 48, 0, 0),
( 49, 0, 0),
( 50, 0, 0),
( 51, 0, 0),
( 52, 0, 0),
( 53, 0, 0),
( 54, 0, 0),
( 55, 0, 0),
( 56, 0, 0),
( 57, 0, 0),
( 58, 0, 0),
( 59, 0, 0),
( 60, 0, 0),
( 61, 0, 0),
( 62, 0, 0),
( 63, 0, 0),
( 64, 0, 0);

insert into admin (id, username, password) values 
(1, 'Admin', 'AdminPass23');